,name,clouds,country,dt,humidity,lat,lon,temp_max,speed
0,Karlshamn,90,SE,1600737312,100,56.17,14.86,48.2,1.12
1,Jamestown,1,US,1600737305,54,42.1,-79.24,53.6,3.36
2,Faanui,0,PF,1600737510,77,-16.48,-151.75,78.58,20.85
3,Hithadhoo,100,MV,1600737511,77,-0.6,73.08,81.28,13.11
4,Grindavik,75,IS,1600737513,75,63.84,-22.43,41.0,19.46
5,Broome,70,US,1600737514,100,42.25,-75.83,48.99,2.59
6,Ajdabiya,0,LY,1600737515,77,30.76,20.23,67.48,7.23
7,São João da Barra,100,BR,1600737382,90,-21.64,-41.05,73.0,9.26
8,Kumul,0,CN,1600737518,46,42.8,93.45,63.14,7.78
9,Khatanga,0,RU,1600737519,75,71.97,102.5,43.25,7.27
10,Hilo,40,US,1600737386,58,19.73,-155.09,86.0,9.17
11,Noshiro,75,JP,1600737522,100,40.2,140.02,59.0,2.24
12,Mataura,100,NZ,1600737523,54,-46.19,168.86,63.0,17.0
13,Punta Arenas,75,CL,1600737249,87,-53.15,-70.92,42.8,5.82
14,Bethel,1,US,1600737355,70,41.37,-73.41,46.99,5.82
15,Ushuaia,96,AR,1600737527,75,-54.8,-68.3,44.6,3.36
16,Menongue,79,AO,1600737528,30,-14.66,17.69,66.36,4.83
17,Makakilo City,20,US,1600737529,45,21.35,-158.09,87.8,9.17
18,Mudu,100,CN,1600737306,79,31.25,120.51,68.32,4.05
19,Yeniseysk,22,RU,1600737531,84,58.45,92.17,49.28,10.98
20,Losheim,0,DE,1600737532,79,49.52,6.75,54.0,1.48
21,Korla,0,CN,1600737534,67,41.76,86.15,57.99,3.24
22,George Town,20,MY,1600737535,94,5.41,100.34,77.0,4.7
23,Nichinan,75,JP,1600737537,53,31.6,131.37,77.0,21.92
24,Tuktoyaktuk,75,CA,1600737538,84,69.45,-133.04,37.4,3.36
25,Atuona,49,PF,1600737249,78,-9.8,-139.03,78.42,19.93
26,Walvis Bay,0,NA,1600737541,100,-22.96,14.51,53.01,12.75
27,Pacific Grove,32,US,1600737542,91,36.62,-121.92,66.99,5.01
28,Otacílio Costa,100,BR,1600737543,93,-27.48,-50.12,47.03,4.79
29,Ponta do Sol,20,PT,1600737315,73,32.67,-17.1,71.6,5.82
30,Saint Paul Harbor,90,US,1600737259,87,57.79,-152.41,51.8,28.86
31,Dikson,100,RU,1600737265,89,73.51,80.55,46.81,30.11
32,Vaini,75,TO,1600737265,78,-21.2,-175.2,73.4,9.17
33,Leningradskiy,100,RU,1600737548,72,69.38,178.42,40.06,19.08
34,Cabo San Lucas,20,MX,1600737422,74,22.89,-109.91,84.2,10.29
35,Arraial do Cabo,75,BR,1600737551,94,-22.97,-42.03,71.6,13.87
36,Barrow,90,US,1600737552,86,71.29,-156.79,39.2,13.87
37,Santiago del Estero,0,AR,1600737553,29,-27.8,-64.26,61.72,11.18
38,Atar,1,MR,1600737327,32,20.52,-13.05,88.7,3.11
39,Rikitea,99,PF,1600737555,71,-23.12,-134.97,73.08,20.18
40,Geraldton,0,AU,1600737556,63,-28.77,114.6,60.8,12.75
41,Hearst,0,CA,1600737558,64,49.68,-83.67,58.71,13.94
42,Port Lincoln,65,AU,1600737559,64,-34.73,135.87,57.72,23.55
43,Karratha,0,AU,1600737560,17,-20.74,116.85,78.15,20.33
44,Constitución,100,CL,1600737314,81,-35.33,-72.42,54.01,11.97
45,Jarosław,0,PL,1600737563,100,50.02,22.68,53.01,1.12
46,Bara,4,NG,1600737564,91,10.37,10.73,70.23,4.25
47,Ribeira Grande,3,PT,1600737566,78,38.52,-28.7,68.76,17.47
48,Port Alfred,15,ZA,1600737567,81,-33.59,26.89,54.0,9.08
49,Olinda,40,BR,1600737568,74,-8.01,-34.86,78.8,10.29
50,Upernavik,61,GL,1600737569,85,72.79,-56.15,28.83,3.49
51,Tasiilaq,100,GL,1600737570,92,65.61,-37.64,30.2,6.93
52,Lata,100,PT,1600737571,91,40.16,-8.33,64.0,0.81
53,Albany,0,US,1600737574,54,42.6,-73.97,46.0,2.33
54,Carnarvon,0,AU,1600737575,51,-24.87,113.63,62.6,18.34
55,East London,4,ZA,1600737576,70,-33.02,27.91,56.97,7.29
56,Cidreira,0,BR,1600737577,72,-30.18,-50.21,52.92,7.96
57,Hobart,40,AU,1600737579,44,-42.88,147.33,62.01,14.99
58,Okoneshnikovo,65,RU,1600737580,68,54.84,75.08,42.35,10.36
59,Kindu,74,CD,1600737582,97,-2.95,25.95,69.91,1.72
60,Bredasdorp,0,ZA,1600737583,93,-34.53,20.04,41.0,2.24
61,Sept-Îles,5,CA,1600737537,65,50.2,-66.38,48.0,8.05
62,Fairlie,100,GB,1600737585,85,55.76,-4.86,55.99,1.99
63,Balabac,59,PH,1600737587,65,7.99,117.06,86.09,3.31
64,Tuatapere,100,NZ,1600737588,54,-46.13,167.68,63.0,17.0
65,Bluff,100,NZ,1600737589,54,-46.6,168.33,63.0,17.0
66,Caravelas,100,BR,1600737591,86,-17.71,-39.25,73.76,7.11
67,Yumen,0,CN,1600737592,48,40.28,97.2,55.27,3.2
68,Verkhoyansk,0,RU,1600737593,55,67.54,133.38,49.57,1.7
69,Mórrope,78,PE,1600737594,84,-6.54,-80.01,62.01,3.0
70,Sumbawanga,0,TZ,1600737596,67,-7.97,31.62,57.2,3.89
71,Puerto Maldonado,100,PE,1600737598,58,-12.6,-69.18,77.67,3.36
72,Blackfoot,1,US,1600737599,43,43.19,-112.34,78.8,0.69
73,San Patricio,75,MX,1600737600,74,19.22,-104.7,82.4,1.92
74,Butaritari,0,KI,1600737602,76,3.07,172.79,83.12,14.12
75,Saskylakh,3,RU,1600737603,68,71.92,114.08,46.35,13.2
76,Moose Factory,1,CA,1600737604,48,51.26,-80.61,64.4,19.46
77,Mogadishu,100,SO,1600737606,82,2.04,45.34,76.05,14.52
78,‘Ewa Beach,20,US,1600737607,45,21.32,-158.01,87.8,9.17
79,Talnakh,72,RU,1600737608,81,69.49,88.4,48.2,29.08
80,San Cristobal,90,VE,1600737609,84,7.77,-72.22,66.97,2.66
81,Broken Hill,40,AU,1600737610,58,-31.95,141.43,59.0,20.8
82,Sitka,75,US,1600737611,87,57.05,-135.33,53.6,5.26
83,Jérémie,62,HT,1600737614,69,18.65,-74.12,82.17,2.33
84,Saint-Pierre,25,RE,1600737615,60,-21.34,55.48,68.0,8.05
85,Guerrero Negro,0,MX,1600737616,61,27.98,-114.06,77.77,14.99
86,Preobrazheniye,59,RU,1600737617,75,42.9,133.91,60.87,4.7
87,Lompoc,20,US,1600737619,82,34.64,-120.46,62.6,10.29
88,Castaños,0,MX,1600737620,37,26.78,-101.42,78.01,1.01
89,Palmer,20,US,1600737365,70,42.16,-72.33,46.4,3.36
90,Cape Town,0,ZA,1600737515,81,-33.93,18.42,52.0,5.82
91,Saldanha,0,ZA,1600737623,75,-33.01,17.94,46.4,3.36
92,Codrington,100,AU,1600737626,82,-38.27,141.97,53.83,21.3
93,Longyearbyen,75,SJ,1600737627,89,78.22,15.64,39.2,21.92
94,Bandarbeyla,84,SO,1600737628,77,9.49,50.81,76.59,22.75
95,Nikolskoye,100,RU,1600737629,71,59.7,30.79,57.2,11.18
96,Puerto Ayora,97,EC,1600737631,89,-0.74,-90.35,66.69,9.19
97,Harper,100,LR,1600737632,90,4.38,-7.72,75.92,8.43
98,Busselton,8,AU,1600737633,84,-33.65,115.33,57.99,1.99
99,Saint George,1,US,1600737357,30,37.1,-113.58,87.01,14.99
100,Provideniya,84,RU,1600737635,52,64.38,-173.3,46.4,2.24
101,Mudanya,40,TR,1600737636,87,40.38,28.88,68.0,8.08
102,Yashalta,0,RU,1600737638,48,46.34,42.28,50.74,4.94
103,Chui,0,UY,1600737639,80,-33.7,-53.46,43.57,6.44
104,Teknāf,100,BD,1600737640,89,20.86,92.31,80.67,10.87
105,Mahébourg,20,MU,1600737643,73,-20.41,57.7,69.8,11.41
106,Kruisfontein,0,ZA,1600737644,85,-34.0,24.73,46.45,5.48
107,Revelstoke,75,CA,1600737646,88,50.98,-118.2,62.6,2.24
108,Saint-Philippe,40,RE,1600737648,60,-21.36,55.77,68.0,8.05
109,‘Āhuimanu,20,US,1600737649,62,21.44,-157.84,84.2,13.87
110,Thinadhoo,100,MV,1600737650,78,0.53,72.93,81.79,13.89
111,Shimoda,75,JP,1600737651,83,34.67,138.95,71.6,18.34
112,Lebu,72,CL,1600737653,88,-37.62,-73.65,48.33,13.96
113,New Norfolk,61,AU,1600737654,52,-42.78,147.06,62.01,5.01
114,Avarua,29,CK,1600737655,78,-21.21,-159.78,78.8,5.82
115,Dingle,54,PH,1600737390,74,11.0,122.67,83.37,3.91
116,Mēga,0,ET,1600737657,76,4.05,38.3,58.24,14.79
117,Diamantina,100,BR,1600737658,59,-18.25,-43.6,65.39,6.35
118,Tymovskoye,21,RU,1600737660,52,50.85,142.66,59.99,2.26
119,Mount Gambier,75,AU,1600737399,87,-37.83,140.77,53.6,20.8
120,Abu Samrah,0,SY,1600737663,72,35.3,37.18,64.71,6.35
121,Port Elizabeth,0,ZA,1600737664,81,-33.92,25.57,48.2,4.7
122,Nouakchott,40,MR,1600737665,83,18.09,-15.98,82.4,8.05
123,Airai,100,TL,1600737667,51,-8.93,125.41,74.89,5.14
124,Leshan,96,CN,1600737668,83,29.56,103.76,68.0,1.92
125,Kumluca,0,TR,1600737669,59,36.37,30.29,76.89,2.75
126,Yokadouma,100,CM,1600737670,96,3.52,15.05,68.29,1.95
127,Cordeiro,100,BR,1600737671,93,-22.03,-42.36,67.28,2.28
128,Ngunguru,40,NZ,1600737672,74,-35.62,174.5,62.01,8.01
129,Kavieng,19,PG,1600737674,79,-2.57,150.8,83.44,13.96
130,Kapaa,20,US,1600737676,62,22.08,-159.32,86.0,14.99
131,Cabatuan,80,PH,1600737677,71,10.88,122.49,84.07,3.85
132,Valdivia,100,CL,1600737678,93,-39.81,-73.25,44.6,3.36
133,Sørland,100,NO,1600737630,70,67.67,12.69,45.93,39.08
134,Lagoa,0,PT,1600737563,80,39.05,-27.98,68.61,13.94
135,Amapá,59,BR,1600737681,87,1.0,-52.0,75.92,7.56
136,Chokurdakh,100,RU,1600737683,62,70.63,147.92,44.83,10.63
137,Chamba,0,IN,1600737684,43,32.57,76.13,69.89,6.49
138,Mersing,20,MY,1600737685,100,2.43,103.84,75.2,2.24
139,Vieste,20,IT,1600737686,88,41.88,16.18,70.0,2.24
140,Kaitangata,100,NZ,1600737688,51,-46.28,169.85,61.54,8.48
141,Vizinga,99,RU,1600737689,95,61.07,50.1,37.89,6.89
142,Kuril'sk,99,RU,1600737690,89,45.23,147.88,57.15,11.56
143,Abū Zabad,0,SD,1600737691,78,12.35,29.25,77.04,7.0
144,Ilulissat,97,GL,1600737692,68,69.22,-51.1,30.2,9.17
145,Port Hedland,0,AU,1600737693,10,-20.32,118.57,80.6,18.34
146,Estelle,90,US,1600737695,100,29.85,-90.11,73.99,14.99
147,Dubbo,0,AU,1600737696,42,-32.25,148.62,68.0,10.29
148,Chimoio,75,MZ,1600737697,100,-19.12,33.48,64.4,10.29
149,Mangan,99,IN,1600737698,56,27.52,88.53,76.05,3.89
150,Kuchāman,77,IN,1600737699,40,27.15,74.85,76.26,2.44
151,Kavaratti,77,IN,1600737701,77,10.57,72.64,82.22,25.17
152,Praia da Vitória,40,PT,1600737702,82,38.73,-27.07,68.0,13.33
153,Yenagoa,100,NG,1600737703,93,4.92,6.26,74.75,4.09
154,Banyo,99,CM,1600737704,90,6.75,11.82,63.27,1.48
155,Vila Franca do Campo,40,PT,1600737707,88,37.72,-25.43,68.0,14.99
156,Abu Dhabi,0,AE,1600737441,89,24.47,54.37,86.0,5.82
157,Poland,1,US,1600737709,75,44.06,-70.39,45.0,1.66
158,Naze,75,JP,1600737710,94,28.37,129.48,80.6,20.8
159,Belmopan,32,BZ,1600737711,73,17.25,-88.77,80.01,2.77
160,Hohhot,95,CN,1600737712,50,40.81,111.65,53.6,6.71
161,Deputatsky,8,RU,1600737714,59,69.3,139.9,44.87,9.57
162,Thompson,90,CA,1600737655,93,55.74,-97.86,48.2,10.29
163,Roald,100,NO,1600737716,93,62.58,6.13,46.4,4.7
164,Mehamn,65,NO,1600737717,83,71.04,27.85,45.43,12.19
165,Havelock,40,US,1600737661,63,34.88,-76.9,63.0,12.75
166,Severo-Yeniseyskiy,100,RU,1600737719,78,60.37,93.04,44.46,10.49
167,Kieta,32,PG,1600737720,61,-6.22,155.63,86.18,3.4
168,Arrondissement de Brive-la-Gaillarde,100,FR,1600737722,71,45.25,1.5,61.0,1.34
169,Nanortalik,93,GL,1600737723,80,60.14,-45.24,37.49,6.13
170,Yellowknife,75,CA,1600737724,87,62.46,-114.35,51.01,5.82
171,Ambon City,75,ID,1600737566,88,-3.7,128.18,80.6,3.36
172,Doha,0,QA,1600737580,84,25.29,51.53,87.8,4.7
173,Clyde River,75,CA,1600737727,86,70.47,-68.59,28.4,13.87
174,Tazovsky,99,RU,1600737729,87,67.47,78.7,51.49,20.0
175,Ahipara,61,NZ,1600737730,70,-35.17,173.17,62.15,6.26
176,Qaanaaq,0,GL,1600737733,80,77.48,-69.36,13.59,5.68
177,San Matías,0,BO,1600737734,46,-16.37,-58.4,75.34,12.53
178,Pevek,75,RU,1600737735,78,69.7,170.31,38.34,9.73
179,Fortuna,40,US,1600737737,77,40.6,-124.16,66.0,10.29
180,Cherskiy,0,RU,1600737738,64,68.75,161.3,41.34,13.13
181,Boromo,0,BF,1600737739,90,11.75,-2.93,75.61,4.63
182,Bathsheba,20,BB,1600737740,78,13.22,-59.52,82.4,8.05
183,Dongsheng,100,CN,1600737741,58,39.82,109.98,57.72,3.91
184,Medvezh'yegorsk,96,RU,1600737742,85,62.92,34.47,51.31,12.33
185,Rawson,100,AR,1600737744,32,-43.3,-65.1,59.9,11.77
186,Ixtapa,90,MX,1600737745,94,20.7,-105.2,77.0,4.7
187,Alice Springs,0,AU,1600737747,11,-23.7,133.88,73.4,17.22
188,Zhezkazgan,75,KZ,1600737748,64,47.8,67.71,33.8,11.18
189,Aitape,34,PG,1600737749,64,-3.14,142.35,85.93,6.38
190,Portland,75,US,1600737661,47,45.52,-122.68,75.2,5.84
191,Okhotsk,100,RU,1600737637,63,59.38,143.3,52.52,7.27
192,Manaure,100,CO,1600737753,76,11.78,-72.44,84.67,12.48
193,La Ronge,40,CA,1600737754,51,55.1,-105.28,62.6,4.7
194,Peniche,86,PT,1600737756,90,39.36,-9.38,66.99,5.08
195,Souillac,20,MU,1600737758,73,-20.52,57.52,69.8,11.41
196,Byron Bay,38,AU,1600737493,65,-28.65,153.62,84.99,16.11
197,Tiksi,100,RU,1600737761,80,71.69,128.87,45.03,13.31
198,Skjervøy,99,NO,1600737762,76,70.03,20.97,48.7,25.55
199,Zhireken,100,RU,1600737763,85,52.82,117.31,44.82,1.95
200,Norman Wells,75,CA,1600737764,66,65.28,-126.83,50.0,4.7
201,Te Anau,98,NZ,1600737765,76,-45.42,167.72,52.77,11.21
202,Sinnamary,78,GF,1600737766,87,5.38,-52.95,79.59,9.89
203,Manaíra,0,BR,1600737538,79,-7.71,-38.15,69.26,6.91
204,Pangai,75,TO,1600737771,88,-19.8,-174.35,73.4,14.99
205,Bolshoye Nagatkino,75,RU,1600737772,87,54.52,47.97,50.0,8.95
206,Norrtälje,100,SE,1600737773,82,59.76,18.7,55.0,8.01
207,Homer,75,US,1600737646,66,59.64,-151.55,55.4,9.17
208,Bonnyville,75,CA,1600737775,55,54.27,-110.73,60.8,10.29
209,Sanmenxia,99,CN,1600737777,72,34.77,111.18,63.5,1.81
210,Kununurra,0,AU,1600737500,30,-15.77,128.73,93.2,5.82
211,Lüderitz,0,NA,1600737780,27,-26.65,15.16,66.99,11.32
212,Vorkuta,100,RU,1600737781,90,67.5,64.0,34.36,11.97
213,Jinka,51,ET,1600737782,73,5.65,36.65,66.2,2.57
214,Caluquembe,85,AO,1600737783,75,-13.78,14.68,58.8,3.44
215,Southbridge,0,US,1600737783,67,42.08,-72.03,45.0,3.42
216,Xiongyue,1,CN,1600737787,60,40.18,122.12,67.64,5.28
217,Zyryanka,0,RU,1600737788,60,65.75,150.85,43.47,12.91
218,Vanimo,27,PG,1600737789,61,-2.67,141.3,86.11,6.73
219,Quatre Cocos,20,MU,1600737790,73,-20.21,57.76,71.01,11.41
220,Marataizes,100,BR,1600737792,89,-21.04,-40.82,72.63,11.68
221,Cuiluan,100,CN,1600737793,83,47.72,128.65,52.97,3.51
222,Aklavik,40,CA,1600737723,75,68.22,-135.01,42.8,3.36
223,Ostrovnoy,17,RU,1600737795,79,68.05,39.51,43.5,25.81
224,Taoudenni,0,ML,1600737665,12,22.68,-3.98,96.71,6.82
225,Dombarovskiy,100,RU,1600737797,78,50.76,59.54,44.76,15.55
226,Hong Kong,97,HK,1600737501,80,22.29,114.16,84.99,1.99
227,Tonj,100,SS,1600737799,93,7.27,28.68,71.22,2.33
228,Pulangbato,100,PH,1600737801,80,13.75,121.4,84.99,1.01
229,Bafra,75,TR,1600737802,68,41.57,35.91,69.8,11.41
230,New Ulm,1,US,1600737803,56,44.31,-94.46,69.8,4.7
231,Rafaela,0,AR,1600737804,23,-31.25,-61.49,57.99,1.01
232,Tatvan,0,TR,1600737805,48,38.51,42.28,57.11,3.87
233,Petropavlovsk-Kamchatskiy,40,RU,1600737807,66,53.05,158.65,55.4,4.47
234,La Rioja,0,ES,1600737808,87,42.25,-2.5,59.0,3.96
235,Kalabo,0,ZM,1600737809,24,-14.97,22.68,67.95,5.57
236,Rosenheim,10,DE,1600737810,94,47.86,12.12,57.0,2.33
237,Buraidah,0,SA,1600737811,23,26.33,43.98,82.4,5.82
238,Cerignola,20,IT,1600737812,88,41.26,15.9,70.0,2.24
239,Burnie,100,AU,1600737814,86,-41.07,145.92,50.0,13.0
240,Mattru,100,SL,1600737815,96,7.62,-11.83,73.78,1.5
241,Rossland,99,CA,1600737816,59,49.08,-117.8,64.99,1.03
242,Greece,20,US,1600737607,62,43.21,-77.69,53.01,6.93
243,Lethem,11,GY,1600737818,72,3.38,-59.8,80.98,2.44
244,Port Blair,78,IN,1600737819,82,11.67,92.75,82.04,10.78
245,Bria,100,CF,1600737822,96,6.54,21.99,68.67,0.67
246,Haimen,75,CN,1600737683,78,23.19,116.61,80.6,4.47
247,Rabat,40,MA,1600737824,100,33.99,-6.84,66.99,1.92
248,Mar del Plata,24,AR,1600737825,86,-38.0,-57.56,46.99,5.82
249,Araouane,0,ML,1600737826,14,18.9,-3.53,95.27,8.55
250,Hermanus,0,ZA,1600737827,80,-34.42,19.23,48.99,9.46
251,Örnsköldsvik,100,SE,1600737828,81,63.29,18.72,46.4,6.93
252,Chastyye,100,RU,1600737830,86,57.29,54.97,42.08,10.54
253,Agirish,98,RU,1600737831,93,61.92,63.02,33.42,6.85
254,Calabozo,100,VE,1600737832,89,8.92,-67.43,76.86,3.24
255,Guangming,86,CN,1600737833,83,45.33,122.78,57.52,4.23
256,Wilmington,1,US,1600737767,67,34.23,-77.94,63.0,5.82
257,Padang,100,ID,1600737835,66,-0.95,100.35,79.72,5.41
258,Samaná,75,DO,1600737837,83,19.21,-69.34,82.4,2.64
259,Ferme-Neuve,100,CA,1600737838,83,46.7,-75.45,46.17,3.49
260,Bambous Virieux,20,MU,1600737839,73,-20.34,57.76,71.01,11.41
261,Assiniboia,0,CA,1600737840,36,49.63,-105.98,66.42,7.27
262,Barguzin,0,RU,1600737841,61,53.62,109.62,45.41,1.34
263,Yar-Sale,100,RU,1600737842,82,66.83,70.83,39.63,11.16
264,Torbay,75,CA,1600737844,75,47.67,-52.73,45.0,11.41
265,College,40,US,1600737845,43,64.86,-147.8,55.4,1.68
266,Primo Tapia,1,MX,1600737847,68,32.22,-116.92,73.4,5.82
267,San Juan,1,AR,1600737848,26,-31.54,-68.54,66.04,13.51
268,Alberton,0,CA,1600737849,60,46.82,-64.07,48.56,5.41
269,Glinka,44,RU,1600737851,96,54.64,32.88,49.15,8.05
270,Esmeraldas,100,BR,1600737852,64,-19.76,-44.31,73.4,2.24
271,Plover,40,US,1600737853,67,44.46,-89.54,62.6,6.93
272,Sovetskiy,95,RU,1600737854,86,61.36,63.58,35.31,6.82
273,Isangel,90,VU,1600737855,73,-19.55,169.27,77.0,5.82
274,Río Gallegos,100,AR,1600737856,70,-51.62,-69.22,42.8,2.24
275,Bethanien,0,NA,1600737858,41,-26.5,17.16,50.86,5.12
276,Tabou,100,CI,1600737859,89,4.42,-7.35,75.99,8.95
277,Castro,100,BR,1600737673,87,-24.79,-50.01,54.23,11.39
278,Mahibadhoo,100,MV,1600737861,79,3.78,72.97,82.44,15.17
279,Szomód,14,HU,1600737862,76,47.68,18.34,60.01,4.7
280,Mauganj,100,IN,1600737863,95,24.68,81.88,75.97,6.04
281,Coquimbo,60,CL,1600737865,93,-29.95,-71.34,53.6,2.24
282,Arlit,0,NE,1600737866,15,18.74,7.39,91.76,8.63
283,Lubango,0,AO,1600737867,53,-14.92,13.49,59.59,0.72
284,Gamba,100,GA,1600737868,85,-2.65,10.0,73.56,7.29
285,Saint-Augustin,0,CA,1600737869,59,51.23,-58.65,48.65,15.32
286,Stornoway,100,GB,1600737871,100,58.21,-6.39,55.99,23.04
287,Leh,0,IN,1600737872,41,34.17,77.58,44.78,1.77
288,Roebourne,0,AU,1600737873,17,-20.78,117.13,77.76,20.04
289,Port-Cartier,5,CA,1600737874,65,50.03,-66.87,48.0,8.05
290,Kropotkin,0,RU,1600737875,50,45.44,40.58,53.24,9.22
291,Kirakira,100,SB,1600737876,67,-10.45,161.92,84.76,7.52
292,Katherine,40,AU,1600737878,52,-14.47,132.27,87.8,6.93
293,Iisalmi,99,FI,1600737879,81,63.56,27.19,53.6,14.99
294,Gimli,0,CA,1600737880,99,50.63,-96.99,63.0,3.0
295,Summerville,90,US,1600737881,68,33.02,-80.18,66.2,5.82
296,Resistencia,0,AR,1600737882,51,-27.46,-58.98,60.01,5.82
297,Soanierana Ivongo,95,MG,1600737883,89,-16.92,49.58,68.61,3.22
298,Coahuayana Viejo,75,MX,1600737885,78,18.73,-103.68,75.2,1.88
299,Keti Bandar,0,PK,1600737886,79,24.14,67.45,84.49,13.11
300,Zhigansk,0,RU,1600737887,65,66.77,123.37,48.49,4.94
301,Suntar,22,RU,1600737888,70,62.14,117.63,52.45,4.61
302,Moerai,54,PF,1600737889,87,-22.43,-151.33,74.46,8.46
303,Amlapura,75,ID,1600737890,100,-8.45,115.62,77.0,10.29
304,Yakeshi,100,CN,1600737892,83,49.28,120.73,48.15,4.07
305,Buala,100,SB,1600737893,66,-8.14,159.59,85.5,7.18
306,La Grande,1,US,1600737813,29,45.32,-118.09,78.8,18.34
307,Slonim,0,BY,1600737895,79,53.09,25.32,51.31,5.91
308,Lom,26,BG,1600737896,61,43.81,23.24,57.87,3.67
309,Hīt,0,IQ,1600737897,18,33.64,42.83,83.86,5.46
310,Aswān,4,EG,1600737899,22,24.09,32.91,87.01,11.21
311,Waynesville,0,US,1600737900,68,35.49,-82.99,50.0,3.29
312,Pitimbu,20,BR,1600737901,83,-7.47,-34.81,77.0,6.93
313,Ouadda,100,CF,1600737902,94,8.08,22.4,68.04,1.45
314,Mitsamiouli,26,KM,1600737903,70,-11.38,43.28,78.08,6.08
315,Gao,0,ML,1600737905,28,16.64,1.64,90.64,7.94
316,Teahupoo,20,PF,1600737786,62,-17.83,-149.27,84.2,24.16
317,Oddur,100,SO,1600737908,77,4.12,43.89,70.02,14.97
318,Villa Carlos Paz,0,AR,1600737909,34,-31.42,-64.5,62.01,11.41
319,Doka,78,SD,1600737910,90,13.52,35.77,72.81,5.3
320,Morón,0,AR,1600737911,75,-34.65,-58.62,54.0,1.99
321,Camacha,40,PT,1600737913,78,33.08,-16.33,71.6,3.36
322,Lensk,4,RU,1600737914,82,60.73,114.93,50.13,3.74
323,Bambanglipuro,67,ID,1600737915,77,-7.95,110.28,81.1,8.14
324,La Santisima Trinidad,25,BO,1600737916,30,-14.83,-64.9,73.4,7.65
325,Samarai,89,PG,1600737917,85,-10.62,150.67,80.02,14.03
326,Itaporanga,0,BR,1600737918,64,-7.3,-38.15,77.2,9.22
327,Pisco,0,PE,1600737880,87,-13.7,-76.22,61.0,11.41
328,Xining,21,CN,1600737737,68,36.62,101.77,54.03,0.29
329,Honiara,75,SB,1600737743,62,-9.43,159.95,87.8,3.36
330,Natá,100,PA,1600737924,77,8.33,-80.52,75.0,3.65
331,Adrar,19,MR,1600737925,28,20.5,-10.07,92.03,0.96
332,Hamilton,1,US,1600737764,81,39.18,-84.53,63.0,5.77
333,La Reforma,0,MX,1600737927,77,25.08,-108.05,87.01,5.99
334,Nouadhibou,22,MR,1600737929,83,20.93,-17.03,75.2,13.87
335,São Filipe,17,CV,1600737930,81,14.9,-24.5,79.9,2.17
336,Agua Verde,75,MX,1600737931,83,22.9,-106.05,88.0,8.03
337,Vila Velha,75,BR,1600737932,83,-20.33,-40.29,75.2,9.17
338,Mayaky,0,UA,1600737933,45,47.44,29.56,52.39,2.1
339,Esperance,75,AU,1600737934,87,-33.87,121.9,57.2,17.22
340,Aracoiaba,0,BR,1600737936,86,-4.37,-38.81,71.46,4.27
341,Am Timan,100,TD,1600737937,93,11.03,20.28,72.12,5.91
342,Abarán,96,ES,1600737938,63,38.21,-1.4,72.0,1.99
343,Beloha,0,MG,1600737939,93,-25.17,45.05,65.84,5.23
344,Paraná,0,AR,1600737940,36,-31.73,-60.52,59.0,1.01
345,Conceição das Alagoas,28,BR,1600737941,56,-19.91,-48.39,71.6,6.93
346,Le Port,20,RE,1600737943,60,-20.94,55.29,68.0,13.87
347,Manzanillo,75,CU,1600737944,77,20.34,-77.12,79.65,7.81
348,Tanout,100,NE,1600737945,33,14.97,8.89,87.84,8.79
349,Muros,0,ES,1600737946,94,42.78,-9.06,57.99,4.54
350,Shelabolikha,100,RU,1600737947,53,53.41,82.62,50.0,13.42
351,Santa Catarina de Tepehuanes,68,MX,1600737949,57,25.35,-105.73,66.83,5.19
352,Hualmay,83,PE,1600737950,83,-11.1,-77.61,61.07,7.76
353,Nabire,100,ID,1600737951,75,-3.37,135.48,81.91,3.91
354,Yulara,0,AU,1600737952,21,-25.24,130.99,69.8,12.75
355,Murdochville,0,CA,1600737953,74,48.96,-65.5,39.61,4.72
356,Holguín,20,CU,1600737954,83,20.89,-76.26,80.6,3.36
357,Uray,50,RU,1600737956,95,60.12,64.78,33.01,7.9
358,Coyhaique,90,CL,1600737957,70,-45.58,-72.07,44.6,3.36
359,Roswell,1,US,1600737667,62,34.02,-84.36,59.0,3.36
360,Bintulu,20,MY,1600737960,88,3.17,113.03,80.6,6.93
361,Tolaga Bay,0,NZ,1600737963,54,-38.37,178.3,63.21,8.01
362,Nueva Imperial,82,CL,1600737964,93,-38.73,-72.95,44.6,5.82
363,Antsohihy,0,MG,1600737965,79,-14.88,47.99,66.76,3.83
364,Esim,100,GH,1600737966,88,4.87,-2.24,75.13,9.24
365,Manzhouli,100,CN,1600737967,58,49.6,117.43,49.57,3.49
366,Athol,1,US,1600737968,75,42.6,-72.23,45.0,3.44
367,Wanning,32,CN,1600737970,75,18.8,110.4,84.0,0.58
368,Tiznit Province,0,MA,1600737971,34,29.58,-9.5,75.85,2.04
369,Matara,100,LK,1600737972,87,5.95,80.54,77.05,7.05
370,Kisangani,100,CD,1600737973,97,0.52,25.2,69.57,1.41
371,Severo-Kuril'sk,92,RU,1600737974,71,50.68,156.12,53.08,5.48
372,High Level,40,CA,1600737975,87,58.52,-117.14,51.8,3.49
373,Lamont,1,US,1600737978,21,35.26,-118.91,98.01,9.17
374,Besuki,93,ID,1600737979,56,-7.73,113.7,87.04,2.04
375,Benguela,3,AO,1600737980,86,-12.58,13.41,70.25,2.39
376,Mayen,0,DE,1600737981,51,50.33,7.22,60.8,2.24
377,Delaware,1,US,1600737782,71,39.0,-75.5,53.6,6.93
378,Campanario,100,ES,1600737983,47,38.86,-5.62,65.19,3.09
379,Jurbarkas,0,LT,1600737985,82,55.08,22.77,50.18,6.35
380,Elumalai,75,IN,1600737986,74,9.87,77.7,78.8,6.93
381,Tabory,97,RU,1600737987,93,58.52,64.55,36.77,5.86
382,Tsimmerbude,0,RU,1600737918,93,54.67,20.13,50.0,4.47
383,Mayo,1,US,1600737989,93,38.89,-76.51,57.2,7.87
384,Jieshou,100,CN,1600737990,85,33.26,115.36,64.29,4.85
385,Poso,9,ID,1600737969,59,-1.4,120.75,86.34,2.93
386,Port Hardy,40,CA,1600737993,82,50.7,-127.42,57.2,3.36
387,Superior,1,US,1600737900,77,46.72,-92.1,69.01,5.82
388,Sibut,100,CF,1600737995,96,5.72,19.07,70.7,5.66
389,Nālūt,79,LY,1600737996,29,30.33,10.85,77.2,13.27
390,Kenai,90,US,1600737997,62,60.55,-151.26,57.2,18.34
391,Kensington,0,AU,1600737998,23,-33.92,151.22,77.0,17.22
392,Rāyadrug,100,IN,1600738000,83,14.7,76.87,72.97,19.57
393,Zanjān,0,IR,1600738001,67,36.67,48.48,56.61,4.72
394,Desbiens,20,CA,1600738002,62,48.42,-71.95,53.6,12.75
395,Beira,40,MZ,1600738004,84,-19.84,34.84,74.39,14.41
396,Uglovoye,0,UA,1600738005,56,44.82,33.6,58.6,9.8
397,Mareeba,50,AU,1600738007,62,-17.0,145.43,86.0,4.0
398,Erdenet,0,MN,1600738008,62,49.03,104.08,47.93,3.65
399,Nizhneangarsk,0,RU,1600738009,59,55.78,109.55,45.07,8.61
400,Det Udom,40,TH,1600738010,94,14.91,105.08,82.4,4.7
401,Laguna,1,US,1600738011,23,38.42,-121.42,89.6,6.93
402,Golden,75,US,1600737877,20,39.76,-105.22,77.0,4.7
403,Peterhead,100,GB,1600738014,87,57.51,-1.8,54.0,2.24
404,Ubari,0,LY,1600738016,32,26.59,12.78,72.99,6.62
405,Salāya,99,IN,1600738017,84,22.32,69.6,82.81,13.67
406,Antiguo Morelos,12,MX,1600738018,52,22.55,-99.08,82.99,10.0
407,Scarborough,5,GB,1600738019,90,54.28,-0.4,51.01,6.58
408,Serenje,1,ZM,1600738021,44,-13.23,30.24,63.1,6.6
409,Surgut,75,RU,1600737963,81,61.25,73.42,42.8,11.18
410,Saint-Joseph,25,RE,1600738023,60,-21.37,55.62,68.0,8.05
411,Rongcheng,100,CN,1600738024,92,30.63,117.85,61.56,7.96
412,Itarema,0,BR,1600738025,81,-2.92,-39.92,76.17,13.73
413,Chengde,0,CN,1600738026,65,40.97,117.94,62.15,2.21
414,Borba,100,BR,1600738027,92,-4.39,-59.59,76.46,2.68
415,Hurghada,0,EG,1600737991,32,27.26,33.81,84.2,5.82
416,Balkhash,0,KZ,1600738030,55,46.84,74.98,50.0,11.18
417,Rodrigues Alves,100,BR,1600738031,97,-7.74,-72.65,73.69,2.3
418,Ambilobe,1,MG,1600738032,82,-13.2,49.05,69.44,3.69
419,Mount Isa,100,AU,1600738033,51,-20.73,139.5,82.4,3.36
420,Ulaangom,0,MN,1600738037,51,49.98,92.07,52.81,1.72
421,Barraute,40,CA,1600738038,62,48.43,-77.63,54.0,6.93
422,Sisimiut,100,GL,1600738039,98,66.94,-53.67,32.13,4.23
423,Cabra,100,ES,1600738040,64,37.47,-4.44,64.99,0.83
424,Rosarito,5,MX,1600737803,73,32.33,-117.03,73.4,11.41
425,Vidim,0,RU,1600738042,72,56.41,103.11,40.53,6.38
426,Archidona,100,ES,1600738044,71,37.1,-4.39,70.0,3.47
427,Jalu,0,LY,1600738045,61,29.03,21.55,70.11,9.35
428,Saratoga Springs,0,US,1600738046,80,43.08,-73.78,46.0,1.19
429,Bud,1,US,1600737769,48,39.45,-86.18,62.6,5.35
430,Biu,45,NG,1600738048,100,10.61,12.19,65.97,3.47
431,Bilma,2,NE,1600738049,17,18.69,12.92,87.06,10.31
432,Vol'sk,100,RU,1600738051,77,52.03,47.38,49.28,11.12
433,Masty,0,BY,1600738052,81,53.41,24.54,51.87,6.35
434,Bubaque,99,GW,1600738053,81,11.28,-15.83,80.26,5.95
435,Billings Metropolitan Area,1,US,1600737806,25,45.78,-108.5,73.4,4.7
436,Kendari,38,ID,1600738055,72,-3.94,122.5,84.56,2.08
437,Brigantine,1,US,1600738056,76,39.41,-74.36,57.99,3.36
438,Shihezi,0,CN,1600738058,37,44.3,86.03,62.65,4.47
439,Dori,60,BF,1600738059,58,14.04,-0.03,83.77,8.55
440,Mandalgovi,0,MN,1600738060,43,45.76,106.27,50.31,12.12
441,Ponta Delgada,40,PT,1600738061,88,37.73,-25.67,68.0,14.99
442,Arvin,0,US,1600737913,30,35.21,-118.83,98.01,5.99
443,Dwārka,98,IN,1600738063,84,22.24,68.97,83.3,13.38
444,Tura,100,IN,1600738064,98,25.52,90.22,73.81,4.79
445,Bengkulu,100,ID,1600738066,80,-3.8,102.27,78.64,4.59
446,Letlhakane,0,BW,1600738067,53,-21.42,25.58,67.32,24.4
447,Bozoum,100,CF,1600738068,96,6.32,16.38,67.57,3.22
448,Valparaíso,90,CL,1600738069,93,-33.04,-71.63,55.0,8.05
449,Kidal,0,ML,1600738070,23,18.44,1.41,89.69,6.24
450,Manoel Urbano,100,BR,1600738072,97,-8.84,-69.26,72.05,3.29
451,Freeport,1,US,1600738073,54,40.66,-73.58,60.01,3.36
452,Dourbali,100,TD,1600738074,79,11.81,15.86,74.66,7.67
453,Chirongui,100,YT,1600738075,69,-12.93,45.15,77.0,9.4
454,Klaksvík,100,FO,1600738076,81,62.23,-6.59,44.6,3.36
455,Mahārāganj,75,IN,1600738078,100,27.13,83.57,80.6,3.36
456,The Pas,1,CA,1600738079,63,53.83,-101.25,60.8,4.7
457,Howard Springs,40,AU,1600738080,58,-12.5,131.05,90.0,5.82
458,Shingū,75,JP,1600738083,65,33.73,135.98,77.0,5.82
459,Shar,100,KZ,1600738085,46,49.59,81.05,52.27,2.24
460,Westport,1,US,1600737918,47,41.14,-73.36,55.4,5.82
461,Udachny,1,RU,1600738087,61,66.42,112.4,46.4,4.47
462,Nizhniy Tsasuchey,0,RU,1600738088,59,50.52,115.13,47.57,5.61
463,Popondetta,97,PG,1600738090,81,-8.75,148.25,83.05,3.0
464,Payo,92,ID,1600738092,82,-3.75,103.64,77.58,1.61
465,Makīnsk,0,KZ,1600738093,92,52.63,70.42,38.19,8.57
466,Havre-St-Pierre,1,CA,1600738095,93,50.23,-63.6,39.2,8.05
467,Champerico,40,GT,1600738096,83,14.3,-91.92,80.6,5.77
468,Dudinka,100,RU,1600738097,76,69.41,86.18,50.0,26.84
469,Pekalongan,57,ID,1600738099,66,-6.89,109.68,72.0,3.49
470,Lavrentiya,100,RU,1600738100,69,65.58,-171.0,41.79,9.62
471,Wyndham,1,US,1600738101,81,37.7,-77.61,52.0,3.36
472,Dakar,31,SN,1600738102,88,14.69,-17.44,78.8,2.24
473,Salalah,75,OM,1600737926,78,17.02,54.09,80.6,5.82
474,Sohbatpur,0,PK,1600738104,15,28.52,68.54,83.61,3.24
475,Bredy,100,RU,1600738105,79,52.42,60.34,42.48,16.4
476,Yangi Marg`ilon,0,UZ,1600738107,47,40.43,71.72,57.2,4.7
477,Marathon,90,US,1600738108,63,44.9,-89.77,64.4,14.99
478,Beian,75,NO,1600738109,81,63.66,9.57,48.2,14.99
479,Sibolga,99,ID,1600738110,77,1.74,98.78,78.67,2.62
480,Kitgum,2,UG,1600738111,92,3.28,32.89,65.43,1.45
481,Oodweyne,59,SO,1600738112,51,9.41,45.06,77.18,11.65
482,El Tocuyo,68,VE,1600738114,79,9.79,-69.79,72.45,6.51
483,Quryq,0,KZ,1600738116,40,43.2,51.65,56.26,9.22
484,Iqaluit,5,CA,1600738117,93,63.75,-68.51,32.0,3.36
485,Puerto Escondido,75,MX,1600738118,61,15.85,-97.07,82.4,3.36
486,Cayenne,0,GF,1600738120,88,4.93,-52.33,80.6,3.36
487,Şırnak,0,TR,1600738122,37,37.52,42.46,61.7,4.45
488,Alta Floresta,97,BR,1600738123,93,-9.88,-56.09,71.71,1.68
489,Henties Bay,0,NA,1600738124,95,-22.12,14.28,53.01,1.01
490,Quzhou,100,CN,1600738125,92,28.96,118.87,64.53,6.58
491,Khandyga,0,RU,1600738126,60,62.67,135.6,53.2,1.59
492,Hofn,0,IS,1600738128,65,64.25,-15.21,41.32,9.78
493,Flinders,0,AU,1600738129,23,-34.58,150.86,73.99,20.8
494,Usinsk,0,RU,1600738130,98,65.99,57.53,31.12,10.96
495,Fairbanks,1,US,1600738047,50,64.84,-147.72,53.6,1.66
496,Onega,97,RU,1600738132,84,63.91,38.14,52.41,21.27
497,Dicabisagan,18,PH,1600738133,64,17.08,122.42,85.82,2.51
498,Takhtamygda,99,RU,1600738134,59,54.1,123.57,52.32,6.35
499,Catumbela,13,AO,1600738136,86,-12.43,13.55,69.82,2.37
500,Saulkrasti,100,LV,1600738137,93,57.26,24.41,52.0,8.05
501,San Bernardo,100,CL,1600738138,63,-33.6,-70.72,66.99,4.7
502,Licheng,20,CN,1600738139,74,23.3,113.83,84.2,2.24
503,Chinna Salem,100,IN,1600738140,81,11.65,78.9,75.96,6.62
504,Zhangaözen,0,KZ,1600738141,46,43.3,52.8,50.52,7.96
505,Presidencia Roque Sáenz Peña,0,AR,1600738143,41,-26.79,-60.44,56.1,6.78
506,Denizli Province,0,TR,1600738144,82,37.84,29.07,57.2,1.12
507,Blagoyevo,100,RU,1600738145,92,63.37,47.92,41.41,10.89
508,Lázaro Cárdenas,67,MX,1600738146,80,17.96,-102.2,80.89,3.89
509,Aykhal,0,RU,1600738147,61,66.0,111.5,46.4,4.47
510,Petropavlovka,25,RU,1600738150,67,50.61,105.32,49.8,1.83
511,Sarka Ghāt,0,IN,1600738151,57,31.7,76.73,68.0,4.09
512,Antofagasta,90,CL,1600738152,82,-23.65,-70.4,57.2,9.17
513,Hobyo,99,SO,1600738153,83,5.35,48.53,75.97,23.35
514,Dandong,0,CN,1600738154,67,40.13,124.39,64.54,1.12
515,Russell,1,US,1600738155,63,32.35,-85.2,66.2,3.36
516,Rafsanjān,0,IR,1600738157,32,30.41,55.99,57.27,2.57
517,Tautira,20,PF,1600738158,62,-17.73,-149.15,84.2,24.16
518,Namatanai,44,PG,1600738159,69,-3.67,152.43,84.38,7.47
519,Formosa,0,AR,1600738160,54,-26.18,-58.18,57.2,6.93
520,Goya,0,AR,1600738161,65,-29.14,-59.26,52.18,5.53
521,Piteå,0,SE,1600738162,61,65.32,21.48,46.4,13.87
522,Mago,0,RU,1600738164,58,53.25,140.18,56.19,4.68
523,Kiruna,0,SE,1600738165,60,67.86,20.23,41.0,25.28
524,Mumbwa,0,ZM,1600738166,29,-14.98,27.06,67.35,6.42
525,Storsteinnes,100,NO,1600738168,81,69.24,19.23,46.4,41.38
526,Atasū,0,KZ,1600738169,72,48.68,71.64,41.16,10.2
527,Conde,20,BR,1600737919,83,-7.26,-34.91,77.0,6.93
528,Gobabis,0,NA,1600738172,34,-22.45,18.97,55.13,9.08
529,Nokaneng,0,BW,1600738173,24,-19.67,22.27,71.31,5.46
530,Zhelyabovka,0,UA,1600738174,63,45.4,34.76,56.3,2.33
531,Sioux Lookout,90,CA,1600738175,63,50.1,-91.92,64.4,11.41
532,Tucuruí,97,BR,1600738176,86,-3.77,-49.67,76.14,4.18
533,Pedro II,0,BR,1600738178,84,-4.42,-41.46,70.3,0.65
534,Batemans Bay,0,AU,1600738179,43,-35.72,150.18,64.99,10.0
535,Xunchang,100,CN,1600738180,89,28.45,104.72,65.88,2.06
536,Ekhabi,0,RU,1600738181,56,53.51,142.97,53.71,8.37
537,Barcelos,20,PT,1600738183,100,41.54,-8.62,61.0,3.24
538,Culebra,1,PR,1600738185,70,18.3,-65.3,86.0,3.36
539,Rasht,75,IR,1600738186,100,37.28,49.58,69.8,0.45
540,Kuytun,0,RU,1600738161,84,54.34,101.5,43.72,6.02
541,Rosetta,0,EG,1600738188,74,31.4,30.42,78.8,5.82
542,Lubbock,20,US,1600737902,43,33.6,-101.83,73.4,11.41
543,Basco,97,PH,1600738190,81,20.45,121.97,83.77,19.82
544,Sukhobuzimskoye,0,RU,1600738191,100,56.5,93.27,41.0,8.1
545,Biak,93,ID,1600738193,63,-0.91,122.88,84.29,7.85
546,Ternate,100,ID,1600738194,70,0.8,127.4,84.02,1.25
547,Baikunthpur,100,IN,1600738195,94,23.25,82.55,74.12,6.26
548,San Rafael,100,AR,1600738196,28,-34.62,-68.33,64.69,10.67
549,Marawi,97,PH,1600738198,77,8.0,124.29,82.0,3.0
550,Husavik,40,IS,1600738200,69,66.04,-17.34,37.4,6.93
551,Manta,75,EC,1600738157,83,-0.95,-80.73,73.4,12.75
552,Kutum,73,SD,1600738203,43,14.2,24.67,78.93,4.14
553,Faya,6,SA,1600738204,20,18.39,42.45,66.2,4.7
554,Nenagh,75,IE,1600738206,87,52.86,-8.2,55.4,8.05
555,Simao,96,CN,1600738146,96,22.79,100.97,67.8,1.9
556,Plettenberg Bay,0,ZA,1600738209,70,-34.05,23.37,51.26,3.71
557,Panjakent,0,TJ,1600738210,50,39.5,67.61,57.2,13.87
558,Richards Bay,19,ZA,1600738212,74,-28.78,32.04,60.6,7.65
559,Griffith,1,US,1600738213,59,41.53,-87.42,60.8,6.6
560,Llanes,0,ES,1600738214,98,43.42,-4.75,62.01,1.66
561,Tigil',35,RU,1600738216,52,57.8,158.67,48.51,8.16
562,San Miguel,60,SV,1600738218,91,13.48,-88.18,75.61,2.28
563,Namie,100,JP,1600738219,58,37.48,141.0,75.99,3.0
564,Turan,20,VN,1600738098,74,16.07,108.22,86.0,3.36
565,Chiredzi,100,ZW,1600738221,72,-21.05,31.67,68.36,14.9
566,Kulhudhuffushi,100,MV,1600738223,76,6.62,73.07,81.97,18.43
567,Nauta,72,PE,1600738224,75,-4.51,-73.58,77.67,0.54
568,Inhambane,34,MZ,1600738225,71,-23.86,35.38,69.21,15.79
569,Nemuro,75,JP,1600738226,63,43.32,145.57,66.2,4.7
570,Bilibino,99,RU,1600738227,77,68.05,166.44,36.57,4.5
571,Vila,75,PT,1600738229,100,42.03,-8.16,61.0,2.24
572,Great Falls,1,US,1600738230,27,47.5,-111.3,72.0,11.41
573,Alyangula,40,AU,1600738232,46,-13.85,136.42,89.6,11.41
574,Hasaki,75,JP,1600738234,69,35.73,140.83,77.0,13.87
575,Panama City,100,PA,1600738014,100,8.99,-79.52,77.0,3.36
